filename,label,patientid
Tuberculosis_0000.png,Tuberculosis,unknown_0
Tuberculosis_0001.png,Tuberculosis,unknown_1
Tuberculosis_0002.png,Tuberculosis,unknown_2
Tuberculosis_0003.png,Tuberculosis,unknown_3
Tuberculosis_0004.png,Tuberculosis,unknown_4
Tuberculosis_0005.png,Tuberculosis,unknown_5
Tuberculosis_0006.png,Tuberculosis,unknown_6
Tuberculosis_0007.png,Tuberculosis,unknown_7
Tuberculosis_0008.png,Tuberculosis,unknown_8
Tuberculosis_0009.png,Tuberculosis,unknown_9
Tuberculosis_0010.png,Tuberculosis,unknown_10
Tuberculosis_0011.png,Tuberculosis,unknown_11
Tuberculosis_0012.png,Tuberculosis,unknown_12
Tuberculosis_0013.png,Tuberculosis,unknown_13
Tuberculosis_0014.png,Tuberculosis,unknown_14
Tuberculosis_0015.png,Tuberculosis,unknown_15
Tuberculosis_0016.png,Tuberculosis,unknown_16
Tuberculosis_0017.png,Tuberculosis,unknown_17
Tuberculosis_0018.png,Tuberculosis,unknown_18
Tuberculosis_0019.png,Tuberculosis,unknown_19
Tuberculosis_0020.png,Tuberculosis,unknown_20
Tuberculosis_0021.png,Tuberculosis,unknown_21
Tuberculosis_0022.png,Tuberculosis,unknown_22
Tuberculosis_0023.png,Tuberculosis,unknown_23
Tuberculosis_0024.png,Tuberculosis,unknown_24
Tuberculosis_0025.png,Tuberculosis,unknown_25
Tuberculosis_0026.png,Tuberculosis,unknown_26
Tuberculosis_0027.png,Tuberculosis,unknown_27
Tuberculosis_0028.png,Tuberculosis,unknown_28
Tuberculosis_0029.png,Tuberculosis,unknown_29
Tuberculosis_0030.png,Tuberculosis,unknown_30
Tuberculosis_0031.png,Tuberculosis,unknown_31
Tuberculosis_0032.png,Tuberculosis,unknown_32
Tuberculosis_0033.png,Tuberculosis,unknown_33
Tuberculosis_0034.png,Tuberculosis,unknown_34
Tuberculosis_0035.png,Tuberculosis,unknown_35
Tuberculosis_0036.png,Tuberculosis,unknown_36
Tuberculosis_0037.png,Tuberculosis,unknown_37
Tuberculosis_0038.png,Tuberculosis,unknown_38
Tuberculosis_0039.png,Tuberculosis,unknown_39
Tuberculosis_0040.png,Tuberculosis,unknown_40
Tuberculosis_0041.png,Tuberculosis,unknown_41
Tuberculosis_0042.png,Tuberculosis,unknown_42
Tuberculosis_0043.png,Tuberculosis,unknown_43
Tuberculosis_0044.png,Tuberculosis,unknown_44
Tuberculosis_0045.png,Tuberculosis,unknown_45
Tuberculosis_0046.png,Tuberculosis,unknown_46
Tuberculosis_0047.png,Tuberculosis,unknown_47
Tuberculosis_0048.png,Tuberculosis,unknown_48
Tuberculosis_0049.png,Tuberculosis,unknown_49
Tuberculosis_0050.png,Tuberculosis,unknown_50
Tuberculosis_0051.png,Tuberculosis,unknown_51
Tuberculosis_0052.png,Tuberculosis,unknown_52
Tuberculosis_0053.png,Tuberculosis,unknown_53
Tuberculosis_0054.png,Tuberculosis,unknown_54
Tuberculosis_0055.png,Tuberculosis,unknown_55
Tuberculosis_0056.png,Tuberculosis,unknown_56
Tuberculosis_0057.png,Tuberculosis,unknown_57
Tuberculosis_0058.png,Tuberculosis,unknown_58
Tuberculosis_0059.png,Tuberculosis,unknown_59
Tuberculosis_0060.png,Tuberculosis,unknown_60
Tuberculosis_0061.png,Tuberculosis,unknown_61
Tuberculosis_0062.png,Tuberculosis,unknown_62
Tuberculosis_0063.png,Tuberculosis,unknown_63
Tuberculosis_0064.png,Tuberculosis,unknown_64
Tuberculosis_0065.png,Tuberculosis,unknown_65
Tuberculosis_0066.png,Tuberculosis,unknown_66
Tuberculosis_0067.png,Tuberculosis,unknown_67
Tuberculosis_0068.png,Tuberculosis,unknown_68
Tuberculosis_0069.png,Tuberculosis,unknown_69
Tuberculosis_0070.png,Tuberculosis,unknown_70
Tuberculosis_0071.png,Tuberculosis,unknown_71
Tuberculosis_0072.png,Tuberculosis,unknown_72
Tuberculosis_0073.png,Tuberculosis,unknown_73
Tuberculosis_0074.png,Tuberculosis,unknown_74
Tuberculosis_0075.png,Tuberculosis,unknown_75
Tuberculosis_0076.png,Tuberculosis,unknown_76
Tuberculosis_0077.png,Tuberculosis,unknown_77
Tuberculosis_0078.png,Tuberculosis,unknown_78
Tuberculosis_0079.png,Tuberculosis,unknown_79
Tuberculosis_0080.png,Tuberculosis,unknown_80
Tuberculosis_0081.png,Tuberculosis,unknown_81
Tuberculosis_0082.png,Tuberculosis,unknown_82
Tuberculosis_0083.png,Tuberculosis,unknown_83
Tuberculosis_0084.png,Tuberculosis,unknown_84
Tuberculosis_0085.png,Tuberculosis,unknown_85
Tuberculosis_0086.png,Tuberculosis,unknown_86
Tuberculosis_0087.png,Tuberculosis,unknown_87
Tuberculosis_0088.png,Tuberculosis,unknown_88
Tuberculosis_0089.png,Tuberculosis,unknown_89
Tuberculosis_0090.png,Tuberculosis,unknown_90
Tuberculosis_0091.png,Tuberculosis,unknown_91
Tuberculosis_0092.png,Tuberculosis,unknown_92
Tuberculosis_0093.png,Tuberculosis,unknown_93
Tuberculosis_0094.png,Tuberculosis,unknown_94
Tuberculosis_0095.png,Tuberculosis,unknown_95
Tuberculosis_0096.png,Tuberculosis,unknown_96
Tuberculosis_0097.png,Tuberculosis,unknown_97
Tuberculosis_0098.png,Tuberculosis,unknown_98
Tuberculosis_0099.png,Tuberculosis,unknown_99
Tuberculosis_0100.png,Tuberculosis,unknown_100
Tuberculosis_0101.png,Tuberculosis,unknown_101
Tuberculosis_0102.png,Tuberculosis,unknown_102
Tuberculosis_0103.png,Tuberculosis,unknown_103
Tuberculosis_0104.png,Tuberculosis,unknown_104
Tuberculosis_0105.png,Tuberculosis,unknown_105
Tuberculosis_0106.png,Tuberculosis,unknown_106
Tuberculosis_0107.png,Tuberculosis,unknown_107
Tuberculosis_0108.png,Tuberculosis,unknown_108
Tuberculosis_0109.png,Tuberculosis,unknown_109
Tuberculosis_0110.png,Tuberculosis,unknown_110
Tuberculosis_0111.png,Tuberculosis,unknown_111
Tuberculosis_0112.png,Tuberculosis,unknown_112
Tuberculosis_0113.png,Tuberculosis,unknown_113
Tuberculosis_0114.png,Tuberculosis,unknown_114
Tuberculosis_0115.png,Tuberculosis,unknown_115
Tuberculosis_0116.png,Tuberculosis,unknown_116
Tuberculosis_0117.png,Tuberculosis,unknown_117
Tuberculosis_0118.png,Tuberculosis,unknown_118
Tuberculosis_0119.png,Tuberculosis,unknown_119
Tuberculosis_0120.png,Tuberculosis,unknown_120
Tuberculosis_0121.png,Tuberculosis,unknown_121
Tuberculosis_0122.png,Tuberculosis,unknown_122
Tuberculosis_0123.png,Tuberculosis,unknown_123
Tuberculosis_0124.png,Tuberculosis,unknown_124
Tuberculosis_0125.png,Tuberculosis,unknown_125
Tuberculosis_0126.png,Tuberculosis,unknown_126
Tuberculosis_0127.png,Tuberculosis,unknown_127
Tuberculosis_0128.png,Tuberculosis,unknown_128
Tuberculosis_0129.png,Tuberculosis,unknown_129
Tuberculosis_0130.png,Tuberculosis,unknown_130
Tuberculosis_0131.png,Tuberculosis,unknown_131
Tuberculosis_0132.png,Tuberculosis,unknown_132
Tuberculosis_0133.png,Tuberculosis,unknown_133
Tuberculosis_0134.png,Tuberculosis,unknown_134
Tuberculosis_0135.png,Tuberculosis,unknown_135
Tuberculosis_0136.png,Tuberculosis,unknown_136
Tuberculosis_0137.png,Tuberculosis,unknown_137
Tuberculosis_0138.png,Tuberculosis,unknown_138
Tuberculosis_0139.png,Tuberculosis,unknown_139
Tuberculosis_0140.png,Tuberculosis,unknown_140
Tuberculosis_0141.png,Tuberculosis,unknown_141
Tuberculosis_0142.png,Tuberculosis,unknown_142
Tuberculosis_0143.png,Tuberculosis,unknown_143
Tuberculosis_0144.png,Tuberculosis,unknown_144
Tuberculosis_0145.png,Tuberculosis,unknown_145
Tuberculosis_0146.png,Tuberculosis,unknown_146
Tuberculosis_0147.png,Tuberculosis,unknown_147
Tuberculosis_0148.png,Tuberculosis,unknown_148
Tuberculosis_0149.png,Tuberculosis,unknown_149
Tuberculosis_0150.png,Tuberculosis,unknown_150
Tuberculosis_0151.png,Tuberculosis,unknown_151
Tuberculosis_0152.png,Tuberculosis,unknown_152
Tuberculosis_0153.png,Tuberculosis,unknown_153
Tuberculosis_0154.png,Tuberculosis,unknown_154
Tuberculosis_0155.png,Tuberculosis,unknown_155
Tuberculosis_0156.png,Tuberculosis,unknown_156
Tuberculosis_0157.png,Tuberculosis,unknown_157
Tuberculosis_0158.png,Tuberculosis,unknown_158
Tuberculosis_0159.png,Tuberculosis,unknown_159
Tuberculosis_0160.png,Tuberculosis,unknown_160
Tuberculosis_0161.png,Tuberculosis,unknown_161
Tuberculosis_0162.png,Tuberculosis,unknown_162
Tuberculosis_0163.png,Tuberculosis,unknown_163
Tuberculosis_0164.png,Tuberculosis,unknown_164
Tuberculosis_0165.png,Tuberculosis,unknown_165
Tuberculosis_0166.png,Tuberculosis,unknown_166
Tuberculosis_0167.png,Tuberculosis,unknown_167
Tuberculosis_0168.png,Tuberculosis,unknown_168
Tuberculosis_0169.png,Tuberculosis,unknown_169
Tuberculosis_0170.png,Tuberculosis,unknown_170
Tuberculosis_0171.png,Tuberculosis,unknown_171
Tuberculosis_0172.png,Tuberculosis,unknown_172
Tuberculosis_0173.png,Tuberculosis,unknown_173
Tuberculosis_0174.png,Tuberculosis,unknown_174
Tuberculosis_0175.png,Tuberculosis,unknown_175
Tuberculosis_0176.png,Tuberculosis,unknown_176
Tuberculosis_0177.png,Tuberculosis,unknown_177
Tuberculosis_0178.png,Tuberculosis,unknown_178
Tuberculosis_0179.png,Tuberculosis,unknown_179
Tuberculosis_0180.png,Tuberculosis,unknown_180
Tuberculosis_0181.png,Tuberculosis,unknown_181
Tuberculosis_0182.png,Tuberculosis,unknown_182
Tuberculosis_0183.png,Tuberculosis,unknown_183
Tuberculosis_0184.png,Tuberculosis,unknown_184
Tuberculosis_0185.png,Tuberculosis,unknown_185
Tuberculosis_0186.png,Tuberculosis,unknown_186
Tuberculosis_0187.png,Tuberculosis,unknown_187
Tuberculosis_0188.png,Tuberculosis,unknown_188
Tuberculosis_0189.png,Tuberculosis,unknown_189
Tuberculosis_0190.png,Tuberculosis,unknown_190
Tuberculosis_0191.png,Tuberculosis,unknown_191
Tuberculosis_0192.png,Tuberculosis,unknown_192
Tuberculosis_0193.png,Tuberculosis,unknown_193
Tuberculosis_0194.png,Tuberculosis,unknown_194
Tuberculosis_0195.png,Tuberculosis,unknown_195
Tuberculosis_0196.png,Tuberculosis,unknown_196
Tuberculosis_0197.png,Tuberculosis,unknown_197
Tuberculosis_0198.png,Tuberculosis,unknown_198
Tuberculosis_0199.png,Tuberculosis,unknown_199
Tuberculosis_0200.png,Tuberculosis,unknown_200
Tuberculosis_0201.png,Tuberculosis,unknown_201
Tuberculosis_0202.png,Tuberculosis,unknown_202
Tuberculosis_0203.png,Tuberculosis,unknown_203
Tuberculosis_0204.png,Tuberculosis,unknown_204
Tuberculosis_0205.png,Tuberculosis,unknown_205
Tuberculosis_0206.png,Tuberculosis,unknown_206
Tuberculosis_0207.png,Tuberculosis,unknown_207
Tuberculosis_0208.png,Tuberculosis,unknown_208
Tuberculosis_0209.png,Tuberculosis,unknown_209
Tuberculosis_0210.png,Tuberculosis,unknown_210
Tuberculosis_0211.png,Tuberculosis,unknown_211
Tuberculosis_0212.png,Tuberculosis,unknown_212
Tuberculosis_0213.png,Tuberculosis,unknown_213
Tuberculosis_0214.png,Tuberculosis,unknown_214
Tuberculosis_0215.png,Tuberculosis,unknown_215
Tuberculosis_0216.png,Tuberculosis,unknown_216
Tuberculosis_0217.png,Tuberculosis,unknown_217
Tuberculosis_0218.png,Tuberculosis,unknown_218
Tuberculosis_0219.png,Tuberculosis,unknown_219
Tuberculosis_0220.png,Tuberculosis,unknown_220
Tuberculosis_0221.png,Tuberculosis,unknown_221
Tuberculosis_0222.png,Tuberculosis,unknown_222
Tuberculosis_0223.png,Tuberculosis,unknown_223
Tuberculosis_0224.png,Tuberculosis,unknown_224
Tuberculosis_0225.png,Tuberculosis,unknown_225
Tuberculosis_0226.png,Tuberculosis,unknown_226
Tuberculosis_0227.png,Tuberculosis,unknown_227
Tuberculosis_0228.png,Tuberculosis,unknown_228
Tuberculosis_0229.png,Tuberculosis,unknown_229
Tuberculosis_0230.png,Tuberculosis,unknown_230
Tuberculosis_0231.png,Tuberculosis,unknown_231
Tuberculosis_0232.png,Tuberculosis,unknown_232
Tuberculosis_0233.png,Tuberculosis,unknown_233
Tuberculosis_0234.png,Tuberculosis,unknown_234
Tuberculosis_0235.png,Tuberculosis,unknown_235
Tuberculosis_0236.png,Tuberculosis,unknown_236
Tuberculosis_0237.png,Tuberculosis,unknown_237
Tuberculosis_0238.png,Tuberculosis,unknown_238
Tuberculosis_0239.png,Tuberculosis,unknown_239
Tuberculosis_0240.png,Tuberculosis,unknown_240
Tuberculosis_0241.png,Tuberculosis,unknown_241
Tuberculosis_0242.png,Tuberculosis,unknown_242
Tuberculosis_0243.png,Tuberculosis,unknown_243
Tuberculosis_0244.png,Tuberculosis,unknown_244
Tuberculosis_0245.png,Tuberculosis,unknown_245
Tuberculosis_0246.png,Tuberculosis,unknown_246
Normal_0000.png,Normal,unknown_247
Normal_0001.png,Normal,unknown_248
Normal_0002.png,Normal,unknown_249
Normal_0003.png,Normal,unknown_250
Normal_0004.png,Normal,unknown_251
Normal_0005.png,Normal,unknown_252
Normal_0006.png,Normal,unknown_253
Normal_0007.png,Normal,unknown_254
Normal_0008.png,Normal,unknown_255
Normal_0009.png,Normal,unknown_256
Normal_0010.png,Normal,unknown_257
Normal_0011.png,Normal,unknown_258
Normal_0012.png,Normal,unknown_259
Normal_0013.png,Normal,unknown_260
Normal_0014.png,Normal,unknown_261
Normal_0015.png,Normal,unknown_262
Normal_0016.png,Normal,unknown_263
Normal_0017.png,Normal,unknown_264
Normal_0018.png,Normal,unknown_265
Normal_0019.png,Normal,unknown_266
Normal_0020.png,Normal,unknown_267
Normal_0021.png,Normal,unknown_268
Normal_0022.png,Normal,unknown_269
Normal_0023.png,Normal,unknown_270
Normal_0024.png,Normal,unknown_271
Normal_0025.png,Normal,unknown_272
Normal_0026.png,Normal,unknown_273
Normal_0027.png,Normal,unknown_274
Normal_0028.png,Normal,unknown_275
Normal_0029.png,Normal,unknown_276
Normal_0030.png,Normal,unknown_277
Normal_0031.png,Normal,unknown_278
Normal_0032.png,Normal,unknown_279
Normal_0033.png,Normal,unknown_280
Normal_0034.png,Normal,unknown_281
Normal_0035.png,Normal,unknown_282
Normal_0036.png,Normal,unknown_283
Normal_0037.png,Normal,unknown_284
Normal_0038.png,Normal,unknown_285
Normal_0039.png,Normal,unknown_286
Normal_0040.png,Normal,unknown_287
Normal_0041.png,Normal,unknown_288
Normal_0042.png,Normal,unknown_289
Normal_0043.png,Normal,unknown_290
Normal_0044.png,Normal,unknown_291
Normal_0045.png,Normal,unknown_292
Normal_0046.png,Normal,unknown_293
Normal_0047.png,Normal,unknown_294
Normal_0048.png,Normal,unknown_295
Normal_0049.png,Normal,unknown_296
Normal_0050.png,Normal,unknown_297
Normal_0051.png,Normal,unknown_298
Normal_0052.png,Normal,unknown_299
Normal_0053.png,Normal,unknown_300
Normal_0054.png,Normal,unknown_301
Normal_0055.png,Normal,unknown_302
Normal_0056.png,Normal,unknown_303
Normal_0057.png,Normal,unknown_304
Normal_0058.png,Normal,unknown_305
Normal_0059.png,Normal,unknown_306
Normal_0060.png,Normal,unknown_307
Normal_0061.png,Normal,unknown_308
Normal_0062.png,Normal,unknown_309
Normal_0063.png,Normal,unknown_310
Normal_0064.png,Normal,unknown_311
Normal_0065.png,Normal,unknown_312
Normal_0066.png,Normal,unknown_313
Normal_0067.png,Normal,unknown_314
Normal_0068.png,Normal,unknown_315
Normal_0069.png,Normal,unknown_316
Normal_0070.png,Normal,unknown_317
Normal_0071.png,Normal,unknown_318
Normal_0072.png,Normal,unknown_319
Normal_0073.png,Normal,unknown_320
Normal_0074.png,Normal,unknown_321
Normal_0075.png,Normal,unknown_322
Normal_0076.png,Normal,unknown_323
Normal_0077.png,Normal,unknown_324
Normal_0078.png,Normal,unknown_325
Normal_0079.png,Normal,unknown_326
Normal_0080.png,Normal,unknown_327
Normal_0081.png,Normal,unknown_328
Normal_0082.png,Normal,unknown_329
Normal_0083.png,Normal,unknown_330
Normal_0084.png,Normal,unknown_331
Normal_0085.png,Normal,unknown_332
Normal_0086.png,Normal,unknown_333
Normal_0087.png,Normal,unknown_334
Normal_0088.png,Normal,unknown_335
Normal_0089.png,Normal,unknown_336
Normal_0090.png,Normal,unknown_337
Normal_0091.png,Normal,unknown_338
Normal_0092.png,Normal,unknown_339
Normal_0093.png,Normal,unknown_340
Normal_0094.png,Normal,unknown_341
Normal_0095.png,Normal,unknown_342
Normal_0096.png,Normal,unknown_343
Normal_0097.png,Normal,unknown_344
Normal_0098.png,Normal,unknown_345
Normal_0099.png,Normal,unknown_346
Normal_0100.png,Normal,unknown_347
Normal_0101.png,Normal,unknown_348
Normal_0102.png,Normal,unknown_349
Normal_0103.png,Normal,unknown_350
Normal_0104.png,Normal,unknown_351
Normal_0105.png,Normal,unknown_352
Normal_0106.png,Normal,unknown_353
Normal_0107.png,Normal,unknown_354
Normal_0108.png,Normal,unknown_355
Normal_0109.png,Normal,unknown_356
Normal_0110.png,Normal,unknown_357
Normal_0111.png,Normal,unknown_358
Normal_0112.png,Normal,unknown_359
Normal_0113.png,Normal,unknown_360
Normal_0114.png,Normal,unknown_361
Normal_0115.png,Normal,unknown_362
Normal_0116.png,Normal,unknown_363
Normal_0117.png,Normal,unknown_364
Normal_0118.png,Normal,unknown_365
Normal_0119.png,Normal,unknown_366
Normal_0120.png,Normal,unknown_367
Normal_0121.png,Normal,unknown_368
Normal_0122.png,Normal,unknown_369
Normal_0123.png,Normal,unknown_370
Normal_0124.png,Normal,unknown_371
Normal_0125.png,Normal,unknown_372
Normal_0126.png,Normal,unknown_373
Normal_0127.png,Normal,unknown_374
Normal_0128.png,Normal,unknown_375
Normal_0129.png,Normal,unknown_376
Normal_0130.png,Normal,unknown_377
Normal_0131.png,Normal,unknown_378
Normal_0132.png,Normal,unknown_379
Normal_0133.png,Normal,unknown_380
Normal_0134.png,Normal,unknown_381
Normal_0135.png,Normal,unknown_382
Normal_0136.png,Normal,unknown_383
Normal_0137.png,Normal,unknown_384
Normal_0138.png,Normal,unknown_385
Normal_0139.png,Normal,unknown_386
Normal_0140.png,Normal,unknown_387
Normal_0141.png,Normal,unknown_388
Normal_0142.png,Normal,unknown_389
Normal_0143.png,Normal,unknown_390
Normal_0144.png,Normal,unknown_391
Normal_0145.png,Normal,unknown_392
Normal_0146.png,Normal,unknown_393
Normal_0147.png,Normal,unknown_394
Normal_0148.png,Normal,unknown_395
Normal_0149.png,Normal,unknown_396
Normal_0150.png,Normal,unknown_397
Normal_0151.png,Normal,unknown_398
Normal_0152.png,Normal,unknown_399
Normal_0153.png,Normal,unknown_400
Normal_0154.png,Normal,unknown_401
Normal_0155.png,Normal,unknown_402
Normal_0156.png,Normal,unknown_403
Normal_0157.png,Normal,unknown_404
Normal_0158.png,Normal,unknown_405
Normal_0159.png,Normal,unknown_406
Normal_0160.png,Normal,unknown_407
Normal_0161.png,Normal,unknown_408
Normal_0162.png,Normal,unknown_409
Normal_0163.png,Normal,unknown_410
Normal_0164.png,Normal,unknown_411
Normal_0165.png,Normal,unknown_412
Normal_0166.png,Normal,unknown_413
Normal_0167.png,Normal,unknown_414
Normal_0168.png,Normal,unknown_415
Normal_0169.png,Normal,unknown_416
Normal_0170.png,Normal,unknown_417
Normal_0171.png,Normal,unknown_418
Normal_0172.png,Normal,unknown_419
Normal_0173.png,Normal,unknown_420
Normal_0174.png,Normal,unknown_421
Normal_0175.png,Normal,unknown_422
Normal_0176.png,Normal,unknown_423
Normal_0177.png,Normal,unknown_424
Normal_0178.png,Normal,unknown_425
Normal_0179.png,Normal,unknown_426
Normal_0180.png,Normal,unknown_427
Normal_0181.png,Normal,unknown_428
Normal_0182.png,Normal,unknown_429
Normal_0183.png,Normal,unknown_430
Normal_0184.png,Normal,unknown_431
Normal_0185.png,Normal,unknown_432
Normal_0186.png,Normal,unknown_433
Normal_0187.png,Normal,unknown_434
Normal_0188.png,Normal,unknown_435
Normal_0189.png,Normal,unknown_436
Normal_0190.png,Normal,unknown_437
Normal_0191.png,Normal,unknown_438
Normal_0192.png,Normal,unknown_439
Normal_0193.png,Normal,unknown_440
Normal_0194.png,Normal,unknown_441
Normal_0195.png,Normal,unknown_442
Normal_0196.png,Normal,unknown_443
Normal_0197.png,Normal,unknown_444
Normal_0198.png,Normal,unknown_445
Normal_0199.png,Normal,unknown_446
Normal_0200.png,Normal,unknown_447
Normal_0201.png,Normal,unknown_448
Normal_0202.png,Normal,unknown_449
Normal_0203.png,Normal,unknown_450
Normal_0204.png,Normal,unknown_451
Normal_0205.png,Normal,unknown_452
Normal_0206.png,Normal,unknown_453
Normal_0207.png,Normal,unknown_454
Normal_0208.png,Normal,unknown_455
Normal_0209.png,Normal,unknown_456
Normal_0210.png,Normal,unknown_457
Normal_0211.png,Normal,unknown_458
Normal_0212.png,Normal,unknown_459
Normal_0213.png,Normal,unknown_460
Normal_0214.png,Normal,unknown_461
Normal_0215.png,Normal,unknown_462
Normal_0216.png,Normal,unknown_463
Normal_0217.png,Normal,unknown_464
Normal_0218.png,Normal,unknown_465
Normal_0219.png,Normal,unknown_466
Normal_0220.png,Normal,unknown_467
Normal_0221.png,Normal,unknown_468
Normal_0222.png,Normal,unknown_469
Normal_0223.png,Normal,unknown_470
Normal_0224.png,Normal,unknown_471
Normal_0225.png,Normal,unknown_472
Normal_0226.png,Normal,unknown_473
Normal_0227.png,Normal,unknown_474
Normal_0228.png,Normal,unknown_475
Normal_0229.png,Normal,unknown_476
Normal_0230.png,Normal,unknown_477
Normal_0231.png,Normal,unknown_478
Normal_0232.png,Normal,unknown_479
Normal_0233.png,Normal,unknown_480
Normal_0234.png,Normal,unknown_481
Normal_0235.png,Normal,unknown_482
Normal_0236.png,Normal,unknown_483
Normal_0237.png,Normal,unknown_484
Normal_0238.png,Normal,unknown_485
Normal_0239.png,Normal,unknown_486
Normal_0240.png,Normal,unknown_487
Normal_0241.png,Normal,unknown_488
Normal_0242.png,Normal,unknown_489
Normal_0243.png,Normal,unknown_490
Normal_0244.png,Normal,unknown_491
Normal_0245.png,Normal,unknown_492
Normal_0246.png,Normal,unknown_493
Nodule_0000.png,Nodule,unknown_494
Nodule_0001.png,Nodule,unknown_495
Nodule_0002.png,Nodule,unknown_496
Nodule_0003.png,Nodule,unknown_497
Nodule_0004.png,Nodule,unknown_498
Nodule_0005.png,Nodule,unknown_499
Nodule_0006.png,Nodule,unknown_500
Nodule_0007.png,Nodule,unknown_501
Nodule_0008.png,Nodule,unknown_502
Nodule_0009.png,Nodule,unknown_503
Nodule_0010.png,Nodule,unknown_504
Nodule_0011.png,Nodule,unknown_505
Nodule_0012.png,Nodule,unknown_506
Nodule_0013.png,Nodule,unknown_507
Nodule_0014.png,Nodule,unknown_508
Nodule_0015.png,Nodule,unknown_509
Nodule_0016.png,Nodule,unknown_510
Nodule_0017.png,Nodule,unknown_511
Nodule_0018.png,Nodule,unknown_512
Nodule_0019.png,Nodule,unknown_513
Nodule_0020.png,Nodule,unknown_514
Nodule_0021.png,Nodule,unknown_515
Nodule_0022.png,Nodule,unknown_516
Nodule_0023.png,Nodule,unknown_517
Nodule_0024.png,Nodule,unknown_518
Nodule_0025.png,Nodule,unknown_519
Nodule_0026.png,Nodule,unknown_520
Nodule_0027.png,Nodule,unknown_521
Nodule_0028.png,Nodule,unknown_522
Nodule_0029.png,Nodule,unknown_523
Nodule_0030.png,Nodule,unknown_524
Nodule_0031.png,Nodule,unknown_525
Nodule_0032.png,Nodule,unknown_526
Nodule_0033.png,Nodule,unknown_527
Nodule_0034.png,Nodule,unknown_528
Nodule_0035.png,Nodule,unknown_529
Nodule_0036.png,Nodule,unknown_530
Nodule_0037.png,Nodule,unknown_531
Nodule_0038.png,Nodule,unknown_532
Nodule_0039.png,Nodule,unknown_533
Nodule_0040.png,Nodule,unknown_534
Nodule_0041.png,Nodule,unknown_535
Nodule_0042.png,Nodule,unknown_536
Nodule_0043.png,Nodule,unknown_537
Nodule_0044.png,Nodule,unknown_538
Nodule_0045.png,Nodule,unknown_539
Nodule_0046.png,Nodule,unknown_540
Nodule_0047.png,Nodule,unknown_541
Nodule_0048.png,Nodule,unknown_542
Nodule_0049.png,Nodule,unknown_543
Nodule_0050.png,Nodule,unknown_544
Nodule_0051.png,Nodule,unknown_545
Nodule_0052.png,Nodule,unknown_546
Nodule_0053.png,Nodule,unknown_547
Nodule_0054.png,Nodule,unknown_548
Nodule_0055.png,Nodule,unknown_549
Nodule_0056.png,Nodule,unknown_550
Nodule_0057.png,Nodule,unknown_551
Nodule_0058.png,Nodule,unknown_552
Nodule_0059.png,Nodule,unknown_553
Nodule_0060.png,Nodule,unknown_554
Nodule_0061.png,Nodule,unknown_555
Nodule_0062.png,Nodule,unknown_556
Nodule_0063.png,Nodule,unknown_557
Nodule_0064.png,Nodule,unknown_558
Nodule_0065.png,Nodule,unknown_559
Nodule_0066.png,Nodule,unknown_560
Nodule_0067.png,Nodule,unknown_561
Nodule_0068.png,Nodule,unknown_562
Nodule_0069.png,Nodule,unknown_563
Nodule_0070.png,Nodule,unknown_564
Nodule_0071.png,Nodule,unknown_565
Nodule_0072.png,Nodule,unknown_566
Nodule_0073.png,Nodule,unknown_567
Nodule_0074.png,Nodule,unknown_568
Nodule_0075.png,Nodule,unknown_569
Nodule_0076.png,Nodule,unknown_570
Nodule_0077.png,Nodule,unknown_571
Nodule_0078.png,Nodule,unknown_572
Nodule_0079.png,Nodule,unknown_573
Nodule_0080.png,Nodule,unknown_574
Nodule_0081.png,Nodule,unknown_575
Nodule_0082.png,Nodule,unknown_576
Nodule_0083.png,Nodule,unknown_577
Nodule_0084.png,Nodule,unknown_578
Nodule_0085.png,Nodule,unknown_579
Nodule_0086.png,Nodule,unknown_580
Nodule_0087.png,Nodule,unknown_581
Nodule_0088.png,Nodule,unknown_582
Nodule_0089.png,Nodule,unknown_583
Nodule_0090.png,Nodule,unknown_584
Nodule_0091.png,Nodule,unknown_585
Nodule_0092.png,Nodule,unknown_586
Nodule_0093.png,Nodule,unknown_587
Nodule_0094.png,Nodule,unknown_588
Nodule_0095.png,Nodule,unknown_589
Nodule_0096.png,Nodule,unknown_590
Nodule_0097.png,Nodule,unknown_591
Nodule_0098.png,Nodule,unknown_592
Nodule_0099.png,Nodule,unknown_593
Nodule_0100.png,Nodule,unknown_594
Nodule_0101.png,Nodule,unknown_595
Nodule_0102.png,Nodule,unknown_596
Nodule_0103.png,Nodule,unknown_597
Nodule_0104.png,Nodule,unknown_598
Nodule_0105.png,Nodule,unknown_599
Nodule_0106.png,Nodule,unknown_600
Nodule_0107.png,Nodule,unknown_601
Nodule_0108.png,Nodule,unknown_602
Nodule_0109.png,Nodule,unknown_603
Nodule_0110.png,Nodule,unknown_604
Nodule_0111.png,Nodule,unknown_605
Nodule_0112.png,Nodule,unknown_606
Nodule_0113.png,Nodule,unknown_607
Nodule_0114.png,Nodule,unknown_608
Nodule_0115.png,Nodule,unknown_609
Nodule_0116.png,Nodule,unknown_610
Nodule_0117.png,Nodule,unknown_611
Nodule_0118.png,Nodule,unknown_612
Nodule_0119.png,Nodule,unknown_613
Nodule_0120.png,Nodule,unknown_614
Nodule_0121.png,Nodule,unknown_615
Nodule_0122.png,Nodule,unknown_616
Nodule_0123.png,Nodule,unknown_617
Nodule_0124.png,Nodule,unknown_618
Nodule_0125.png,Nodule,unknown_619
Nodule_0126.png,Nodule,unknown_620
Nodule_0127.png,Nodule,unknown_621
Nodule_0128.png,Nodule,unknown_622
Nodule_0129.png,Nodule,unknown_623
Nodule_0130.png,Nodule,unknown_624
Nodule_0131.png,Nodule,unknown_625
Nodule_0132.png,Nodule,unknown_626
Nodule_0133.png,Nodule,unknown_627
Nodule_0134.png,Nodule,unknown_628
Nodule_0135.png,Nodule,unknown_629
Nodule_0136.png,Nodule,unknown_630
Nodule_0137.png,Nodule,unknown_631
Nodule_0138.png,Nodule,unknown_632
Nodule_0139.png,Nodule,unknown_633
Nodule_0140.png,Nodule,unknown_634
Nodule_0141.png,Nodule,unknown_635
Nodule_0142.png,Nodule,unknown_636
Nodule_0143.png,Nodule,unknown_637
Nodule_0144.png,Nodule,unknown_638
Nodule_0145.png,Nodule,unknown_639
Nodule_0146.png,Nodule,unknown_640
Nodule_0147.png,Nodule,unknown_641
Nodule_0148.png,Nodule,unknown_642
Nodule_0149.png,Nodule,unknown_643
Nodule_0150.png,Nodule,unknown_644
Nodule_0151.png,Nodule,unknown_645
Nodule_0152.png,Nodule,unknown_646
Nodule_0153.png,Nodule,unknown_647
Nodule_0154.png,Nodule,unknown_648
Nodule_0155.png,Nodule,unknown_649
Nodule_0156.png,Nodule,unknown_650
Nodule_0157.png,Nodule,unknown_651
Nodule_0158.png,Nodule,unknown_652
Nodule_0159.png,Nodule,unknown_653
Nodule_0160.png,Nodule,unknown_654
Nodule_0161.png,Nodule,unknown_655
Nodule_0162.png,Nodule,unknown_656
Nodule_0163.png,Nodule,unknown_657
Nodule_0164.png,Nodule,unknown_658
Nodule_0165.png,Nodule,unknown_659
Nodule_0166.png,Nodule,unknown_660
Nodule_0167.png,Nodule,unknown_661
Nodule_0168.png,Nodule,unknown_662
Nodule_0169.png,Nodule,unknown_663
Nodule_0170.png,Nodule,unknown_664
Nodule_0171.png,Nodule,unknown_665
Nodule_0172.png,Nodule,unknown_666
Nodule_0173.png,Nodule,unknown_667
Nodule_0174.png,Nodule,unknown_668
Nodule_0175.png,Nodule,unknown_669
Nodule_0176.png,Nodule,unknown_670
Nodule_0177.png,Nodule,unknown_671
Nodule_0178.png,Nodule,unknown_672
Nodule_0179.png,Nodule,unknown_673
Nodule_0180.png,Nodule,unknown_674
Nodule_0181.png,Nodule,unknown_675
Nodule_0182.png,Nodule,unknown_676
Nodule_0183.png,Nodule,unknown_677
Nodule_0184.png,Nodule,unknown_678
Nodule_0185.png,Nodule,unknown_679
Nodule_0186.png,Nodule,unknown_680
Nodule_0187.png,Nodule,unknown_681
Nodule_0188.png,Nodule,unknown_682
Nodule_0189.png,Nodule,unknown_683
Nodule_0190.png,Nodule,unknown_684
Nodule_0191.png,Nodule,unknown_685
Nodule_0192.png,Nodule,unknown_686
Nodule_0193.png,Nodule,unknown_687
Nodule_0194.png,Nodule,unknown_688
Nodule_0195.png,Nodule,unknown_689
Nodule_0196.png,Nodule,unknown_690
Nodule_0197.png,Nodule,unknown_691
Nodule_0198.png,Nodule,unknown_692
Nodule_0199.png,Nodule,unknown_693
Nodule_0200.png,Nodule,unknown_694
Nodule_0201.png,Nodule,unknown_695
Nodule_0202.png,Nodule,unknown_696
Nodule_0203.png,Nodule,unknown_697
Nodule_0204.png,Nodule,unknown_698
Nodule_0205.png,Nodule,unknown_699
Nodule_0206.png,Nodule,unknown_700
Nodule_0207.png,Nodule,unknown_701
Nodule_0208.png,Nodule,unknown_702
Nodule_0209.png,Nodule,unknown_703
Nodule_0210.png,Nodule,unknown_704
Nodule_0211.png,Nodule,unknown_705
Nodule_0212.png,Nodule,unknown_706
Nodule_0213.png,Nodule,unknown_707
Nodule_0214.png,Nodule,unknown_708
Nodule_0215.png,Nodule,unknown_709
Nodule_0216.png,Nodule,unknown_710
Nodule_0217.png,Nodule,unknown_711
Nodule_0218.png,Nodule,unknown_712
Nodule_0219.png,Nodule,unknown_713
Nodule_0220.png,Nodule,unknown_714
Nodule_0221.png,Nodule,unknown_715
Nodule_0222.png,Nodule,unknown_716
Nodule_0223.png,Nodule,unknown_717
Nodule_0224.png,Nodule,unknown_718
Nodule_0225.png,Nodule,unknown_719
Nodule_0226.png,Nodule,unknown_720
Nodule_0227.png,Nodule,unknown_721
Nodule_0228.png,Nodule,unknown_722
Nodule_0229.png,Nodule,unknown_723
Nodule_0230.png,Nodule,unknown_724
Nodule_0231.png,Nodule,unknown_725
Nodule_0232.png,Nodule,unknown_726
Nodule_0233.png,Nodule,unknown_727
Nodule_0234.png,Nodule,unknown_728
Nodule_0235.png,Nodule,unknown_729
Nodule_0236.png,Nodule,unknown_730
Nodule_0237.png,Nodule,unknown_731
Nodule_0238.png,Nodule,unknown_732
Nodule_0239.png,Nodule,unknown_733
Nodule_0240.png,Nodule,unknown_734
Nodule_0241.png,Nodule,unknown_735
Nodule_0242.png,Nodule,unknown_736
Nodule_0243.png,Nodule,unknown_737
Nodule_0244.png,Nodule,unknown_738
Nodule_0245.png,Nodule,unknown_739
Nodule_0246.png,Nodule,unknown_740
COVID-19_0000.png,COVID-19,2
COVID-19_0001.png,COVID-19,2
COVID-19_0002.png,COVID-19,2
COVID-19_0003.png,COVID-19,2
COVID-19_0004.png,COVID-19,4
COVID-19_0005.png,COVID-19,4
COVID-19_0006.png,COVID-19,6
COVID-19_0007.png,COVID-19,6
COVID-19_0008.png,COVID-19,11
COVID-19_0009.png,COVID-19,12
COVID-19_0010.png,COVID-19,13
COVID-19_0011.png,COVID-19,13
COVID-19_0012.png,COVID-19,13
COVID-19_0013.png,COVID-19,13
COVID-19_0014.png,COVID-19,14
COVID-19_0015.png,COVID-19,15
COVID-19_0016.png,COVID-19,15
COVID-19_0017.png,COVID-19,15
COVID-19_0018.png,COVID-19,16
COVID-19_0019.png,COVID-19,18
COVID-19_0020.png,COVID-19,20
COVID-19_0021.png,COVID-19,22
COVID-19_0022.png,COVID-19,23
COVID-19_0023.png,COVID-19,33
COVID-19_0024.png,COVID-19,36
COVID-19_0025.png,COVID-19,36
COVID-19_0026.png,COVID-19,39
COVID-19_0027.png,COVID-19,40
COVID-19_0028.png,COVID-19,41
COVID-19_0029.png,COVID-19,42
COVID-19_0030.png,COVID-19,43
COVID-19_0031.png,COVID-19,45
COVID-19_0032.png,COVID-19,46
COVID-19_0033.png,COVID-19,48
COVID-19_0034.png,COVID-19,49
COVID-19_0035.png,COVID-19,51
COVID-19_0036.png,COVID-19,51
COVID-19_0037.png,COVID-19,54
COVID-19_0038.png,COVID-19,57
COVID-19_0039.png,COVID-19,57
COVID-19_0040.png,COVID-19,59
COVID-19_0041.png,COVID-19,59
COVID-19_0042.png,COVID-19,60
COVID-19_0043.png,COVID-19,61
COVID-19_0044.png,COVID-19,67
COVID-19_0045.png,COVID-19,67
COVID-19_0046.png,COVID-19,68
COVID-19_0047.png,COVID-19,68
COVID-19_0048.png,COVID-19,69
COVID-19_0049.png,COVID-19,69
COVID-19_0050.png,COVID-19,70
COVID-19_0051.png,COVID-19,73
COVID-19_0052.png,COVID-19,73
COVID-19_0053.png,COVID-19,76
COVID-19_0054.png,COVID-19,77
COVID-19_0055.png,COVID-19,78
COVID-19_0056.png,COVID-19,80
COVID-19_0057.png,COVID-19,81
COVID-19_0058.png,COVID-19,85
COVID-19_0059.png,COVID-19,86
COVID-19_0060.png,COVID-19,93
COVID-19_0061.png,COVID-19,94
COVID-19_0062.png,COVID-19,95
COVID-19_0063.png,COVID-19,95
COVID-19_0064.png,COVID-19,96
COVID-19_0065.png,COVID-19,96
COVID-19_0066.png,COVID-19,96
COVID-19_0067.png,COVID-19,97
COVID-19_0068.png,COVID-19,97
COVID-19_0069.png,COVID-19,97
COVID-19_0070.png,COVID-19,97
COVID-19_0071.png,COVID-19,98
COVID-19_0072.png,COVID-19,99
COVID-19_0073.png,COVID-19,112
COVID-19_0074.png,COVID-19,112
COVID-19_0075.png,COVID-19,113
COVID-19_0076.png,COVID-19,113
COVID-19_0077.png,COVID-19,114
COVID-19_0078.png,COVID-19,114
COVID-19_0079.png,COVID-19,115
COVID-19_0080.png,COVID-19,115
COVID-19_0081.png,COVID-19,117
COVID-19_0082.png,COVID-19,118
COVID-19_0083.png,COVID-19,139
COVID-19_0084.png,COVID-19,140
COVID-19_0085.png,COVID-19,141
COVID-19_0086.png,COVID-19,149
COVID-19_0087.png,COVID-19,160
COVID-19_0088.png,COVID-19,160
COVID-19_0089.png,COVID-19,160
COVID-19_0090.png,COVID-19,161
COVID-19_0091.png,COVID-19,162
COVID-19_0092.png,COVID-19,163
COVID-19_0093.png,COVID-19,163
COVID-19_0094.png,COVID-19,164
COVID-19_0095.png,COVID-19,164
COVID-19_0096.png,COVID-19,166
COVID-19_0097.png,COVID-19,167
COVID-19_0098.png,COVID-19,167
COVID-19_0099.png,COVID-19,169
COVID-19_0100.png,COVID-19,174
COVID-19_0101.png,COVID-19,177
COVID-19_0102.png,COVID-19,178
COVID-19_0103.png,COVID-19,178
COVID-19_0104.png,COVID-19,178
COVID-19_0105.png,COVID-19,178
COVID-19_0106.png,COVID-19,178
COVID-19_0107.png,COVID-19,182
COVID-19_0108.png,COVID-19,183
COVID-19_0109.png,COVID-19,184
COVID-19_0110.png,COVID-19,187
COVID-19_0111.png,COVID-19,188
COVID-19_0112.png,COVID-19,189
COVID-19_0113.png,COVID-19,190
COVID-19_0114.png,COVID-19,190
COVID-19_0115.png,COVID-19,192
COVID-19_0116.png,COVID-19,192
COVID-19_0117.png,COVID-19,193
COVID-19_0118.png,COVID-19,194
COVID-19_0119.png,COVID-19,195
COVID-19_0120.png,COVID-19,196
COVID-19_0121.png,COVID-19,196
COVID-19_0122.png,COVID-19,196
COVID-19_0123.png,COVID-19,196
COVID-19_0124.png,COVID-19,198
COVID-19_0125.png,COVID-19,198
COVID-19_0126.png,COVID-19,198
COVID-19_0127.png,COVID-19,204
COVID-19_0128.png,COVID-19,206
COVID-19_0129.png,COVID-19,213
COVID-19_0130.png,COVID-19,221
COVID-19_0131.png,COVID-19,223
COVID-19_0132.png,COVID-19,225
COVID-19_0133.png,COVID-19,225
COVID-19_0134.png,COVID-19,227
COVID-19_0135.png,COVID-19,228
COVID-19_0136.png,COVID-19,228
COVID-19_0137.png,COVID-19,229
COVID-19_0138.png,COVID-19,230
COVID-19_0139.png,COVID-19,232
COVID-19_0140.png,COVID-19,233
COVID-19_0141.png,COVID-19,234
COVID-19_0142.png,COVID-19,237
COVID-19_0143.png,COVID-19,239
COVID-19_0144.png,COVID-19,240
COVID-19_0145.png,COVID-19,242
COVID-19_0146.png,COVID-19,243
COVID-19_0147.png,COVID-19,243
COVID-19_0148.png,COVID-19,248
COVID-19_0149.png,COVID-19,251
COVID-19_0150.png,COVID-19,252
COVID-19_0151.png,COVID-19,252
COVID-19_0152.png,COVID-19,252
COVID-19_0153.png,COVID-19,253
COVID-19_0154.png,COVID-19,253
COVID-19_0155.png,COVID-19,256
COVID-19_0156.png,COVID-19,258
COVID-19_0157.png,COVID-19,259
COVID-19_0158.png,COVID-19,263
COVID-19_0159.png,COVID-19,263
COVID-19_0160.png,COVID-19,264
COVID-19_0161.png,COVID-19,266
COVID-19_0162.png,COVID-19,268
COVID-19_0163.png,COVID-19,269
COVID-19_0164.png,COVID-19,270
COVID-19_0165.png,COVID-19,303
COVID-19_0166.png,COVID-19,311a
COVID-19_0167.png,COVID-19,311b
COVID-19_0168.png,COVID-19,315
COVID-19_0169.png,COVID-19,315
COVID-19_0170.png,COVID-19,321
COVID-19_0171.png,COVID-19,322
COVID-19_0172.png,COVID-19,326a
COVID-19_0173.png,COVID-19,329
COVID-19_0174.png,COVID-19,330
COVID-19_0175.png,COVID-19,331a
COVID-19_0176.png,COVID-19,331b
COVID-19_0177.png,COVID-19,331b
COVID-19_0178.png,COVID-19,332
COVID-19_0179.png,COVID-19,332
COVID-19_0180.png,COVID-19,333
COVID-19_0181.png,COVID-19,334
COVID-19_0182.png,COVID-19,336
COVID-19_0183.png,COVID-19,341
COVID-19_0184.png,COVID-19,345
COVID-19_0185.png,COVID-19,346
COVID-19_0186.png,COVID-19,347
COVID-19_0187.png,COVID-19,347
COVID-19_0188.png,COVID-19,350b
COVID-19_0189.png,COVID-19,355
COVID-19_0190.png,COVID-19,358
COVID-19_0191.png,COVID-19,471
COVID-19_0192.png,COVID-19,471
COVID-19_0193.png,COVID-19,471
COVID-19_0194.png,COVID-19,474
COVID-19_0195.png,COVID-19,476
Pneumonia_0000.jpeg,Pneumonia,unknown_pneumonia_0
Pneumonia_0001.jpeg,Pneumonia,unknown_pneumonia_1
Pneumonia_0002.jpeg,Pneumonia,unknown_pneumonia_2
Pneumonia_0003.jpeg,Pneumonia,unknown_pneumonia_3
Pneumonia_0004.jpeg,Pneumonia,unknown_pneumonia_4
Pneumonia_0005.jpeg,Pneumonia,unknown_pneumonia_5
Pneumonia_0006.jpeg,Pneumonia,unknown_pneumonia_6
Pneumonia_0007.jpeg,Pneumonia,unknown_pneumonia_7
Pneumonia_0008.jpeg,Pneumonia,unknown_pneumonia_8
Pneumonia_0009.jpeg,Pneumonia,unknown_pneumonia_9
Pneumonia_0010.jpeg,Pneumonia,unknown_pneumonia_10
Pneumonia_0011.jpeg,Pneumonia,unknown_pneumonia_11
Pneumonia_0012.jpeg,Pneumonia,unknown_pneumonia_12
Pneumonia_0013.jpeg,Pneumonia,unknown_pneumonia_13
Pneumonia_0014.jpeg,Pneumonia,unknown_pneumonia_14
Pneumonia_0015.jpeg,Pneumonia,unknown_pneumonia_15
Pneumonia_0016.jpeg,Pneumonia,unknown_pneumonia_16
Pneumonia_0017.jpeg,Pneumonia,unknown_pneumonia_17
Pneumonia_0018.jpeg,Pneumonia,unknown_pneumonia_18
Pneumonia_0019.jpeg,Pneumonia,unknown_pneumonia_19
Pneumonia_0020.jpeg,Pneumonia,unknown_pneumonia_20
Pneumonia_0021.jpeg,Pneumonia,unknown_pneumonia_21
Pneumonia_0022.jpeg,Pneumonia,unknown_pneumonia_22
Pneumonia_0023.jpeg,Pneumonia,unknown_pneumonia_23
Pneumonia_0024.jpeg,Pneumonia,unknown_pneumonia_24
Pneumonia_0025.jpeg,Pneumonia,unknown_pneumonia_25
Pneumonia_0026.jpeg,Pneumonia,unknown_pneumonia_26
Pneumonia_0027.jpeg,Pneumonia,unknown_pneumonia_27
Pneumonia_0028.jpeg,Pneumonia,unknown_pneumonia_28
Pneumonia_0029.jpeg,Pneumonia,unknown_pneumonia_29
Pneumonia_0030.jpeg,Pneumonia,unknown_pneumonia_30
Pneumonia_0031.jpeg,Pneumonia,unknown_pneumonia_31
Pneumonia_0032.jpeg,Pneumonia,unknown_pneumonia_32
Pneumonia_0033.jpeg,Pneumonia,unknown_pneumonia_33
Pneumonia_0034.jpeg,Pneumonia,unknown_pneumonia_34
Pneumonia_0035.jpeg,Pneumonia,unknown_pneumonia_35
Pneumonia_0036.jpeg,Pneumonia,unknown_pneumonia_36
Pneumonia_0037.jpeg,Pneumonia,unknown_pneumonia_37
Pneumonia_0038.jpeg,Pneumonia,unknown_pneumonia_38
Pneumonia_0039.jpeg,Pneumonia,unknown_pneumonia_39
Pneumonia_0040.jpeg,Pneumonia,unknown_pneumonia_40
Pneumonia_0041.jpeg,Pneumonia,unknown_pneumonia_41
Pneumonia_0042.jpeg,Pneumonia,unknown_pneumonia_42
Pneumonia_0043.jpeg,Pneumonia,unknown_pneumonia_43
Pneumonia_0044.jpeg,Pneumonia,unknown_pneumonia_44
Pneumonia_0045.jpeg,Pneumonia,unknown_pneumonia_45
Pneumonia_0046.jpeg,Pneumonia,unknown_pneumonia_46
Pneumonia_0047.jpeg,Pneumonia,unknown_pneumonia_47
Pneumonia_0048.jpeg,Pneumonia,unknown_pneumonia_48
Pneumonia_0049.jpeg,Pneumonia,unknown_pneumonia_49
Pneumonia_0050.jpeg,Pneumonia,unknown_pneumonia_50
Pneumonia_0051.jpeg,Pneumonia,unknown_pneumonia_51
Pneumonia_0052.jpeg,Pneumonia,unknown_pneumonia_52
Pneumonia_0053.jpeg,Pneumonia,unknown_pneumonia_53
Pneumonia_0054.jpeg,Pneumonia,unknown_pneumonia_54
Pneumonia_0055.jpeg,Pneumonia,unknown_pneumonia_55
Pneumonia_0056.jpeg,Pneumonia,unknown_pneumonia_56
Pneumonia_0057.jpeg,Pneumonia,unknown_pneumonia_57
Pneumonia_0058.jpeg,Pneumonia,unknown_pneumonia_58
Pneumonia_0059.jpeg,Pneumonia,unknown_pneumonia_59
Pneumonia_0060.jpeg,Pneumonia,unknown_pneumonia_60
Pneumonia_0061.jpeg,Pneumonia,unknown_pneumonia_61
Pneumonia_0062.jpeg,Pneumonia,unknown_pneumonia_62
Pneumonia_0063.jpeg,Pneumonia,unknown_pneumonia_63
Pneumonia_0064.jpeg,Pneumonia,unknown_pneumonia_64
Pneumonia_0065.jpeg,Pneumonia,unknown_pneumonia_65
Pneumonia_0066.jpeg,Pneumonia,unknown_pneumonia_66
Pneumonia_0067.jpeg,Pneumonia,unknown_pneumonia_67
Pneumonia_0068.jpeg,Pneumonia,unknown_pneumonia_68
Pneumonia_0069.jpeg,Pneumonia,unknown_pneumonia_69
Pneumonia_0070.jpeg,Pneumonia,unknown_pneumonia_70
Pneumonia_0071.jpeg,Pneumonia,unknown_pneumonia_71
Pneumonia_0072.jpeg,Pneumonia,unknown_pneumonia_72
Pneumonia_0073.jpeg,Pneumonia,unknown_pneumonia_73
Pneumonia_0074.jpeg,Pneumonia,unknown_pneumonia_74
Pneumonia_0075.jpeg,Pneumonia,unknown_pneumonia_75
Pneumonia_0076.jpeg,Pneumonia,unknown_pneumonia_76
Pneumonia_0077.jpeg,Pneumonia,unknown_pneumonia_77
Pneumonia_0078.jpeg,Pneumonia,unknown_pneumonia_78
Pneumonia_0079.jpeg,Pneumonia,unknown_pneumonia_79
Pneumonia_0080.jpeg,Pneumonia,unknown_pneumonia_80
Pneumonia_0081.jpeg,Pneumonia,unknown_pneumonia_81
Pneumonia_0082.jpeg,Pneumonia,unknown_pneumonia_82
Pneumonia_0083.jpeg,Pneumonia,unknown_pneumonia_83
Pneumonia_0084.jpeg,Pneumonia,unknown_pneumonia_84
Pneumonia_0085.jpeg,Pneumonia,unknown_pneumonia_85
Pneumonia_0086.jpeg,Pneumonia,unknown_pneumonia_86
Pneumonia_0087.jpeg,Pneumonia,unknown_pneumonia_87
Pneumonia_0088.jpeg,Pneumonia,unknown_pneumonia_88
Pneumonia_0089.jpeg,Pneumonia,unknown_pneumonia_89
Pneumonia_0090.jpeg,Pneumonia,unknown_pneumonia_90
Pneumonia_0091.jpeg,Pneumonia,unknown_pneumonia_91
Pneumonia_0092.jpeg,Pneumonia,unknown_pneumonia_92
Pneumonia_0093.jpeg,Pneumonia,unknown_pneumonia_93
Pneumonia_0094.jpeg,Pneumonia,unknown_pneumonia_94
Pneumonia_0095.jpeg,Pneumonia,unknown_pneumonia_95
Pneumonia_0096.jpeg,Pneumonia,unknown_pneumonia_96
Pneumonia_0097.jpeg,Pneumonia,unknown_pneumonia_97
Pneumonia_0098.jpeg,Pneumonia,unknown_pneumonia_98
Pneumonia_0099.jpeg,Pneumonia,unknown_pneumonia_99
Pneumonia_0100.jpeg,Pneumonia,unknown_pneumonia_100
Pneumonia_0101.jpeg,Pneumonia,unknown_pneumonia_101
Pneumonia_0102.jpeg,Pneumonia,unknown_pneumonia_102
Pneumonia_0103.jpeg,Pneumonia,unknown_pneumonia_103
Pneumonia_0104.jpeg,Pneumonia,unknown_pneumonia_104
Pneumonia_0105.jpeg,Pneumonia,unknown_pneumonia_105
Pneumonia_0106.jpeg,Pneumonia,unknown_pneumonia_106
Pneumonia_0107.jpeg,Pneumonia,unknown_pneumonia_107
Pneumonia_0108.jpeg,Pneumonia,unknown_pneumonia_108
Pneumonia_0109.jpeg,Pneumonia,unknown_pneumonia_109
Pneumonia_0110.jpeg,Pneumonia,unknown_pneumonia_110
Pneumonia_0111.jpeg,Pneumonia,unknown_pneumonia_111
Pneumonia_0112.jpeg,Pneumonia,unknown_pneumonia_112
Pneumonia_0113.jpeg,Pneumonia,unknown_pneumonia_113
Pneumonia_0114.jpeg,Pneumonia,unknown_pneumonia_114
Pneumonia_0115.jpeg,Pneumonia,unknown_pneumonia_115
Pneumonia_0116.jpeg,Pneumonia,unknown_pneumonia_116
Pneumonia_0117.jpeg,Pneumonia,unknown_pneumonia_117
Pneumonia_0118.jpeg,Pneumonia,unknown_pneumonia_118
Pneumonia_0119.jpeg,Pneumonia,unknown_pneumonia_119
Pneumonia_0120.jpeg,Pneumonia,unknown_pneumonia_120
Pneumonia_0121.jpeg,Pneumonia,unknown_pneumonia_121
Pneumonia_0122.jpeg,Pneumonia,unknown_pneumonia_122
Pneumonia_0123.jpeg,Pneumonia,unknown_pneumonia_123
Pneumonia_0124.jpeg,Pneumonia,unknown_pneumonia_124
Pneumonia_0125.jpeg,Pneumonia,unknown_pneumonia_125
Pneumonia_0126.jpeg,Pneumonia,unknown_pneumonia_126
Pneumonia_0127.jpeg,Pneumonia,unknown_pneumonia_127
Pneumonia_0128.jpeg,Pneumonia,unknown_pneumonia_128
Pneumonia_0129.jpeg,Pneumonia,unknown_pneumonia_129
Pneumonia_0130.jpeg,Pneumonia,unknown_pneumonia_130
Pneumonia_0131.jpeg,Pneumonia,unknown_pneumonia_131
Pneumonia_0132.jpeg,Pneumonia,unknown_pneumonia_132
Pneumonia_0133.jpeg,Pneumonia,unknown_pneumonia_133
Pneumonia_0134.jpeg,Pneumonia,unknown_pneumonia_134
Pneumonia_0135.jpeg,Pneumonia,unknown_pneumonia_135
Pneumonia_0136.jpeg,Pneumonia,unknown_pneumonia_136
Pneumonia_0137.jpeg,Pneumonia,unknown_pneumonia_137
Pneumonia_0138.jpeg,Pneumonia,unknown_pneumonia_138
Pneumonia_0139.jpeg,Pneumonia,unknown_pneumonia_139
Pneumonia_0140.jpeg,Pneumonia,unknown_pneumonia_140
Pneumonia_0141.jpeg,Pneumonia,unknown_pneumonia_141
Pneumonia_0142.jpeg,Pneumonia,unknown_pneumonia_142
Pneumonia_0143.jpeg,Pneumonia,unknown_pneumonia_143
Pneumonia_0144.jpeg,Pneumonia,unknown_pneumonia_144
Pneumonia_0145.jpeg,Pneumonia,unknown_pneumonia_145
Pneumonia_0146.jpeg,Pneumonia,unknown_pneumonia_146
Pneumonia_0147.jpeg,Pneumonia,unknown_pneumonia_147
Pneumonia_0148.jpeg,Pneumonia,unknown_pneumonia_148
Pneumonia_0149.jpeg,Pneumonia,unknown_pneumonia_149
Pneumonia_0150.jpeg,Pneumonia,unknown_pneumonia_150
Pneumonia_0151.jpeg,Pneumonia,unknown_pneumonia_151
Pneumonia_0152.jpeg,Pneumonia,unknown_pneumonia_152
Pneumonia_0153.jpeg,Pneumonia,unknown_pneumonia_153
Pneumonia_0154.jpeg,Pneumonia,unknown_pneumonia_154
Pneumonia_0155.jpeg,Pneumonia,unknown_pneumonia_155
Pneumonia_0156.jpeg,Pneumonia,unknown_pneumonia_156
Pneumonia_0157.jpeg,Pneumonia,unknown_pneumonia_157
Pneumonia_0158.jpeg,Pneumonia,unknown_pneumonia_158
Pneumonia_0159.jpeg,Pneumonia,unknown_pneumonia_159
Pneumonia_0160.jpeg,Pneumonia,unknown_pneumonia_160
Pneumonia_0161.jpeg,Pneumonia,unknown_pneumonia_161
Pneumonia_0162.jpeg,Pneumonia,unknown_pneumonia_162
Pneumonia_0163.jpeg,Pneumonia,unknown_pneumonia_163
Pneumonia_0164.jpeg,Pneumonia,unknown_pneumonia_164
Pneumonia_0165.jpeg,Pneumonia,unknown_pneumonia_165
Pneumonia_0166.jpeg,Pneumonia,unknown_pneumonia_166
Pneumonia_0167.jpeg,Pneumonia,unknown_pneumonia_167
Pneumonia_0168.jpeg,Pneumonia,unknown_pneumonia_168
Pneumonia_0169.jpeg,Pneumonia,unknown_pneumonia_169
Pneumonia_0170.jpeg,Pneumonia,unknown_pneumonia_170
Pneumonia_0171.jpeg,Pneumonia,unknown_pneumonia_171
Pneumonia_0172.jpeg,Pneumonia,unknown_pneumonia_172
Pneumonia_0173.jpeg,Pneumonia,unknown_pneumonia_173
Pneumonia_0174.jpeg,Pneumonia,unknown_pneumonia_174
Pneumonia_0175.jpeg,Pneumonia,unknown_pneumonia_175
Pneumonia_0176.jpeg,Pneumonia,unknown_pneumonia_176
Pneumonia_0177.jpeg,Pneumonia,unknown_pneumonia_177
Pneumonia_0178.jpeg,Pneumonia,unknown_pneumonia_178
Pneumonia_0179.jpeg,Pneumonia,unknown_pneumonia_179
Pneumonia_0180.jpeg,Pneumonia,unknown_pneumonia_180
Pneumonia_0181.jpeg,Pneumonia,unknown_pneumonia_181
Pneumonia_0182.jpeg,Pneumonia,unknown_pneumonia_182
Pneumonia_0183.jpeg,Pneumonia,unknown_pneumonia_183
Pneumonia_0184.jpeg,Pneumonia,unknown_pneumonia_184
Pneumonia_0185.jpeg,Pneumonia,unknown_pneumonia_185
Pneumonia_0186.jpeg,Pneumonia,unknown_pneumonia_186
Pneumonia_0187.jpeg,Pneumonia,unknown_pneumonia_187
Pneumonia_0188.jpeg,Pneumonia,unknown_pneumonia_188
Pneumonia_0189.jpeg,Pneumonia,unknown_pneumonia_189
Pneumonia_0190.jpeg,Pneumonia,unknown_pneumonia_190
Pneumonia_0191.jpeg,Pneumonia,unknown_pneumonia_191
Pneumonia_0192.jpeg,Pneumonia,unknown_pneumonia_192
Pneumonia_0193.jpeg,Pneumonia,unknown_pneumonia_193
Pneumonia_0194.jpeg,Pneumonia,unknown_pneumonia_194
Pneumonia_0195.jpeg,Pneumonia,unknown_pneumonia_195
Pneumonia_0196.jpeg,Pneumonia,unknown_pneumonia_196
Pneumonia_0197.jpeg,Pneumonia,unknown_pneumonia_197
Pneumonia_0198.jpeg,Pneumonia,unknown_pneumonia_198
Pneumonia_0199.jpeg,Pneumonia,unknown_pneumonia_199
Pneumonia_0200.jpeg,Pneumonia,unknown_pneumonia_200
Pneumonia_0201.jpeg,Pneumonia,unknown_pneumonia_201
Pneumonia_0202.jpeg,Pneumonia,unknown_pneumonia_202
Pneumonia_0203.jpeg,Pneumonia,unknown_pneumonia_203
Pneumonia_0204.jpeg,Pneumonia,unknown_pneumonia_204
Pneumonia_0205.jpeg,Pneumonia,unknown_pneumonia_205
Pneumonia_0206.jpeg,Pneumonia,unknown_pneumonia_206
Pneumonia_0207.jpeg,Pneumonia,unknown_pneumonia_207
Pneumonia_0208.jpeg,Pneumonia,unknown_pneumonia_208
Pneumonia_0209.jpeg,Pneumonia,unknown_pneumonia_209
Pneumonia_0210.jpeg,Pneumonia,unknown_pneumonia_210
Pneumonia_0211.jpeg,Pneumonia,unknown_pneumonia_211
Pneumonia_0212.jpeg,Pneumonia,unknown_pneumonia_212
Pneumonia_0213.jpeg,Pneumonia,unknown_pneumonia_213
Pneumonia_0214.jpeg,Pneumonia,unknown_pneumonia_214
Pneumonia_0215.jpeg,Pneumonia,unknown_pneumonia_215
Pneumonia_0216.jpeg,Pneumonia,unknown_pneumonia_216
Pneumonia_0217.jpeg,Pneumonia,unknown_pneumonia_217
Pneumonia_0218.jpeg,Pneumonia,unknown_pneumonia_218
Pneumonia_0219.jpeg,Pneumonia,unknown_pneumonia_219
Pneumonia_0220.jpeg,Pneumonia,unknown_pneumonia_220
Pneumonia_0221.jpeg,Pneumonia,unknown_pneumonia_221
Pneumonia_0222.jpeg,Pneumonia,unknown_pneumonia_222
Pneumonia_0223.jpeg,Pneumonia,unknown_pneumonia_223
Pneumonia_0224.jpeg,Pneumonia,unknown_pneumonia_224
Pneumonia_0225.jpeg,Pneumonia,unknown_pneumonia_225
Pneumonia_0226.jpeg,Pneumonia,unknown_pneumonia_226
Pneumonia_0227.jpeg,Pneumonia,unknown_pneumonia_227
Pneumonia_0228.jpeg,Pneumonia,unknown_pneumonia_228
Pneumonia_0229.jpeg,Pneumonia,unknown_pneumonia_229
Pneumonia_0230.jpeg,Pneumonia,unknown_pneumonia_230
Pneumonia_0231.jpeg,Pneumonia,unknown_pneumonia_231
Pneumonia_0232.jpeg,Pneumonia,unknown_pneumonia_232
Pneumonia_0233.jpeg,Pneumonia,unknown_pneumonia_233
Pneumonia_0234.jpeg,Pneumonia,unknown_pneumonia_234
Pneumonia_0235.jpeg,Pneumonia,unknown_pneumonia_235
Pneumonia_0236.jpeg,Pneumonia,unknown_pneumonia_236
Pneumonia_0237.jpeg,Pneumonia,unknown_pneumonia_237
Pneumonia_0238.jpeg,Pneumonia,unknown_pneumonia_238
Pneumonia_0239.jpeg,Pneumonia,unknown_pneumonia_239
Pneumonia_0240.jpeg,Pneumonia,unknown_pneumonia_240
Pneumonia_0241.jpeg,Pneumonia,unknown_pneumonia_241
Pneumonia_0242.jpeg,Pneumonia,unknown_pneumonia_242
Pneumonia_0243.jpeg,Pneumonia,unknown_pneumonia_243
Pneumonia_0244.jpeg,Pneumonia,unknown_pneumonia_244
Pneumonia_0245.jpeg,Pneumonia,unknown_pneumonia_245
Pneumonia_0246.jpeg,Pneumonia,unknown_pneumonia_246
