split,label,source,count
Test,COVID-19,QatarCOVID19,1062
Test,Normal,JSRT,93
Test,Normal,KagglePneumonia,444
Test,Normal,NormalDS,3038
Test,Pneumonia,KagglePneumonia,1297
Test,Pneumonia,QatarCOVID19,430
Test,Tuberculosis,QatarTB,619
Train,COVID-19,QatarCOVID19,4992
Train,Normal,KagglePneumonia,902
Train,Normal,NormalDS,14358
Train,Pneumonia,KagglePneumonia,2434
Train,Pneumonia,QatarCOVID19,1842
Train,Tuberculosis,QatarTB,2950
Val,COVID-19,QatarCOVID19,1080
Val,Normal,KagglePneumonia,233
Val,Normal,NormalDS,2986
Val,Pneumonia,KagglePneumonia,514
Val,Pneumonia,QatarCOVID19,404
Val,Tuberculosis,QatarTB,628
